# braacket.com/league/stlmelee player list, harvested 2026-09-17 (416 players, 184 with registered mains)
# name<TAB>mains (| separated). Costume/skin is NOT exposed in the site markup (icons are character-only).
2Slaw	Falco
3HUNA	Captain Falcon
5%	Jigglypuff
8oz	Fox
ACABrandon	Falco
Alfredo Linguini	Pikachu
Alyssa Liuigi	Luigi
alyssal	Fox
Anubis	Sheik|Ganondorf
Apollo	Fox
AppleInfusedRice	Link
Bagels	Falco
BallinKush	Jigglypuff
BB | Secret Of Secrets	Ice Climbers
Ben2	Ice Climbers
bg	Fox
Big Cat	Fox|Falco
BIGPP | Daz	Captain Falcon
Blandeezy	Fox|Sheik
Blankets	Fox
Bo	Marth
Buddy Guysman	Fox
BUFF	Samus
Cap	Fox
Cash Cow	Sheik
CG | Pawn	Sheik
Charlie Wu	Fox|Sheik
chrisalash	Captain Falcon
Clam$	Captain Falcon
Cluck Gang | Goobz	Yoshi
cnr	Sheik
Codex	Fox
Coin	Marth
Conman	Fox|Marth
Cookiemonsta	Captain Falcon|Marth
CORN | CornCobKing	Falco
CS | Travioli	Samus|Sheik
damn my box hungry too	Jigglypuff
Dan	Fox
dangit brigade 4	Fox
danimals	Jigglypuff
Daomoth	Marth
Dart!	Marth
Deepz	Falco
DeFiSpartan	Sheik
Dinkster	Ice Climbers|Peach
Ditto	Jigglypuff
Double Helix	Ness
Dr. Copter	Sheik
Dug T. Smorin	Captain Falcon
EmperorKanbei	Peach
esemd	Pichu
Frisk	Yoshi
Frog	Samus
Gaz!	Marth
gbats	Sheik|Dr. Mario
GenoBlast	Peach|Fox
GiefKid	Jigglypuff
Gingey	Ice Climbers
Goomy	Samus
Gretto	Marth
Hank	Fox
he,him | Auri	Luigi
Honeyboy	Marth
Hoojit	Falco
Hopscotch	Fox
Huey	Falco
imp	Samus
Injanear	Jigglypuff|Captain Falcon
Jackie	Ganondorf|Sheik
Jate	Fox
Java	Fox
JBuzzyBee	Marth
Jerexpert	Falco
Joe	Falco
Joe Camel	Fox
Josh Allen	Peach
JPAULMARRYME	Fox
Kathrarg	Dr. Mario
Kee	Captain Falcon|Luigi
Khang	Fox
Koalas28	Peach
Lawngarms	Fox
Lawngarmsfan420	Sheik|Fox
LB | LandFish	Peach
LIAM#697 | Shleeum	Falco|Fox
Liberate	Dr. Mario|Ganondorf
Lickney	Ganondorf
ligma	Marth|Fox
Lins	Fox
lobotomywife	Fox
LoveIdiot	Captain Falcon
LWI | N4pstr	Marth
Mantis	Fox
MD | The Physician	Dr. Mario
messiNA	Luigi|Peach|Sheik
messiSTL	Fox
Miles	Falco|Jigglypuff
Milkly	Sheik
Mook	Zelda|Pikachu|Yoshi
moss	Yoshi
Motzy	Captain Falcon
Mr. Chicken nipples	Captain Falcon
Nard Dawg	Captain Falcon
Noey	Captain Falcon
NoodleMansRamen	Samus
normal rachael	Marth
Note	Falco
Nox	Captain Falcon|Falco|Fox|Marth|Sheik
Oars	Fox
OG Swaglord	Fox
OPA! | JoeFalco	Falco
Orbit	Sheik
oupy	Falco
Pacman	Marth
Pancakes	Jigglypuff
Pawn2Queen	Falco
Peaches	Fox
PkThundah	Ice Climbers
Ponziani	Samus
Psoup	Peach
pteromyinii	Falco
Ragu	Marth
retired gamers | ChubbyCute	Jigglypuff
Reya	Falco
ROLX | BEEB	Marth
Rouva	Kirby
Russo	Marth|Ice Climbers
Samusown	Falco
Sandzyboy	Marth
SAVE | Mika	Falco|Fox
Schlag	Random
Schnurb	Falco|Fox
scrambles	Luigi
Setton	Fox|Peach
SgtFive	Captain Falcon
sheikmaster99	Ice Climbers
Simba	Falco|Peach
Slip Boy	Jigglypuff
Slowking	Falco
SLU | Noodles	Peach
snowcraggy	Zelda
Sobek	Marth
Soul	Marth
spikenard	Fox
Splurg Yoinker	Sheik|Fox|Marth
Starduckie	Sheik
stargazer	Marth
STL | Trew Domko	Fox
Sunshine	Fox
SuperDennyBoi	Marth
Sympli	Marth
T.I. 256 | 3dm	Dr. Mario|Captain Falcon
T.I.256 | Bad_Tanker	Ganondorf
Tarik	Falco
TEMU | trashmachine	Falco
tgirlswag13	Samus
The Comedian	Captain Falcon|Fox
The Duelist	Marth
The Quick 60	Peach
Thomas	Falco
Timtempor	Fox
TMGuy | Sur	Marth
TreeProphet	Game & Watch
TU | Chance	Marth|Sheik
tyzerk	Falco|Fox
uh oh yall!!	Captain Falcon
Varmint	Falco|Mewtwo
Ven	Fox|Samus
Vigilance	Falco|Fox
Vista	Captain Falcon|Donkey Kong
WashU | Nosh	Fox
WashU | Orphen	Falco
WD40	Marth
Weevil	Marth
Wepeel	Falco|Fox
werewolfwill	Captain Falcon
White Iverson	Jigglypuff
WRLD | Insulinmaster	Luigi
Wytch	Falco
yarv	Dr. Mario
Yashichi	Marth
Zen	Peach
Zooks	Captain Falcon
